<application>
  <component name="CodeFoldingSettings">
    <option name="COLLAPSE_METHODS" value="true" />
    <option name="COLLAPSE_DOC_COMMENTS" value="true" />
    <option name="COLLAPSE_CUSTOM_FOLDING_REGIONS" value="true" />
  </component>
  <component name="CodeInsightSettings">
    <option name="SHOW_PARAMETER_NAME_HINTS_ON_COMPLETION" value="true" />
    <option name="PARAMETER_INFO_DELAY" value="100" />
    <option name="AUTO_POPUP_JAVADOC_INFO" value="true" />
    <option name="JAVADOC_INFO_DELAY" value="100" />
    <option name="SHOW_FULL_SIGNATURES_IN_PARAMETER_INFO" value="true" />
  </component>
  <component name="DaemonCodeAnalyzerSettings">
    <option name="SHOW_METHOD_SEPARATORS" value="true" />
  </component>
  <component name="DefaultFont">
    <option name="FONT_SIZE" value="10" />
    <option name="FONT_FAMILY" value="Fira Code Retina" />
  </component>
  <component name="EditorSettings">
    <option name="USE_SOFT_WRAPS" value="MAIN_EDITOR:CONSOLE" />
    <option name="SOFT_WRAP_FILE_MASKS" value="*" />
    <option name="IS_WHITESPACES_SHOWN" value="true" />
    <option name="IS_WHEEL_FONTCHANGE_ENABLED" value="true" />
  </component>
  <component name="JavaCodeFoldingSettings">
    <option name="collapseAccessors" value="true" />
    <option name="collapseAnnotations" value="true" />
    <option name="collapseAnonymousClasses" value="true" />
    <option name="collapseEndOfLineComments" value="true" />
    <option name="collapseInnerClasses" value="true" />
    <option name="collapseMultilineComments" value="true" />
  </component>
  <component name="OCCodeFoldingSettings">
    <option name="collapseBlockExpressions" value="true" />
    <option name="collapseMultilineComments" value="true" />
    <option name="COLLAPSE_MULTILINE_COMMENTS" value="true" />
    <option name="COLLAPSE_BLOCK_EXPRESSIONS" value="true" />
  </component>
  <component name="TodoConfiguration">
    <pattern pattern=".*phuc.*" />
  </component>
  <component name="XmlFoldingSettings">
    <option name="COLLAPSE_XML_TAGS" value="true" />
  </component>
</application>