<keymap version="1" name="Keymap by Phuc" parent="Eclipse">
  <action id="$Paste">
    <keyboard-shortcut first-keystroke="ctrl v" />
    <keyboard-shortcut first-keystroke="shift insert" />
    <mouse-shortcut keystroke="button2" />
  </action>
  <action id="AndroidConnectDebuggerAction">
    <keyboard-shortcut first-keystroke="shift alt c" />
  </action>
  <action id="Arrangement.Alias.Rule.Edit" />
  <action id="Arrangement.Rule.Edit" />
  <action id="AttachDebuggerAction">
    <keyboard-shortcut first-keystroke="shift alt c" />
  </action>
  <action id="CIDR.Lang.Cpp.GenerateDefinitions" />
  <action id="ChangeSignature" />
  <action id="ChangesView.GroupBy.Directory" />
  <action id="ChangesView.GroupBy.Module" />
  <action id="ChangesView.ShelveSilently">
    <keyboard-shortcut first-keystroke="shift ctrl s" />
  </action>
  <action id="ChangesView.UnshelveSilently">
    <keyboard-shortcut first-keystroke="ctrl alt u" />
    <keyboard-shortcut first-keystroke="shift ctrl u" />
    <keyboard-shortcut first-keystroke="ctrl u" />
  </action>
  <action id="CheckinProject">
    <keyboard-shortcut first-keystroke="ctrl alt k" />
    <keyboard-shortcut first-keystroke="ctrl k" />
  </action>
  <action id="CloseActiveTab" />
  <action id="CloseContent">
    <keyboard-shortcut first-keystroke="ctrl f4" />
    <keyboard-shortcut first-keystroke="ctrl w" />
  </action>
  <action id="Cluestick.SearchMenu" />
  <action id="CollapseAllRegions">
    <keyboard-shortcut first-keystroke="shift ctrl divide" />
    <keyboard-shortcut first-keystroke="shift ctrl minus" />
    <keyboard-shortcut first-keystroke="shift ctrl subtract" />
  </action>
  <action id="Console.Execute.Multiline" />
  <action id="ConsoleView.ClearAll">
    <keyboard-shortcut first-keystroke="shift ctrl back_space" />
  </action>
  <action id="CopyPathFromRepositoryRootProvider">
    <keyboard-shortcut first-keystroke="shift ctrl c" />
  </action>
  <action id="CopyPaths" />
  <action id="Dart.DartStyle">
    <keyboard-shortcut first-keystroke="shift space" />
  </action>
  <action id="Dart.Restart.Analysis.Server">
    <keyboard-shortcut first-keystroke="alt l" />
  </action>
  <action id="Debug">
    <keyboard-shortcut first-keystroke="shift alt d" />
    <keyboard-shortcut first-keystroke="shift f9" />
    <keyboard-shortcut first-keystroke="shift f5" />
    <keyboard-shortcut first-keystroke="ctrl f5" />
  </action>
  <action id="Debugger.EditArrayFilter" />
  <action id="Debugger.EditCustomField" />
  <action id="Diff.ShowSettingsPopup" />
  <action id="DirDiffMenu.SynchronizeDiff.All" />
  <action id="EditSource">
    <keyboard-shortcut first-keystroke="f12" />
  </action>
  <action id="Editor Paste">
    <mouse-shortcut keystroke="button2" />
  </action>
  <action id="EditorDuplicateLines">
    <keyboard-shortcut first-keystroke="ctrl alt down" />
    <keyboard-shortcut first-keystroke="shift ctrl d" />
  </action>
  <action id="EditorScrollToCenter" />
  <action id="EditorSplitLine" />
  <action id="EditorStartNewLineBefore">
    <keyboard-shortcut first-keystroke="ctrl alt enter" />
    <keyboard-shortcut first-keystroke="ctrl enter" />
  </action>
  <action id="EditorToggleCase">
    <keyboard-shortcut first-keystroke="shift ctrl x" />
    <keyboard-shortcut first-keystroke="shift ctrl y" />
  </action>
  <action id="EvaluateExpression">
    <keyboard-shortcut first-keystroke="alt f8" />
    <keyboard-shortcut first-keystroke="shift ctrl e" />
  </action>
  <action id="ExpandAllRegions">
    <keyboard-shortcut first-keystroke="ctrl multiply" />
    <keyboard-shortcut first-keystroke="shift ctrl equals" />
    <keyboard-shortcut first-keystroke="shift ctrl add" />
  </action>
  <action id="ExtractMethod">
    <keyboard-shortcut first-keystroke="shift alt m" />
    <keyboard-shortcut first-keystroke="ctrl alt m" />
  </action>
  <action id="FileChooser.TogglePathShowing" />
  <action id="Find">
    <keyboard-shortcut first-keystroke="ctrl f" />
  </action>
  <action id="FindInPath">
    <keyboard-shortcut first-keystroke="shift ctrl f" />
  </action>
  <action id="FindNext" />
  <action id="FindUsages" />
  <action id="Flutter.ExtractWidget">
    <keyboard-shortcut first-keystroke="ctrl alt w" />
    <keyboard-shortcut first-keystroke="shift alt w" />
  </action>
  <action id="Flutter.Toolbar.ReloadAction">
    <keyboard-shortcut first-keystroke="ctrl back_slash" />
    <keyboard-shortcut first-keystroke="shift alt x" />
    <keyboard-shortcut first-keystroke="ctrl s" />
  </action>
  <action id="Generate">
    <keyboard-shortcut first-keystroke="alt insert" />
    <keyboard-shortcut first-keystroke="alt i" />
  </action>
  <action id="Git.Commit.And.Push.Executor">
    <keyboard-shortcut first-keystroke="alt p" />
  </action>
  <action id="GotoChangedFile" />
  <action id="GotoClass" />
  <action id="GotoFile">
    <keyboard-shortcut first-keystroke="shift ctrl n" />
  </action>
  <action id="GotoLine" />
  <action id="Groovy.Shell.Execute" />
  <action id="IncrementalSearch" />
  <action id="IntroduceVariable">
    <keyboard-shortcut first-keystroke="shift alt l" />
    <keyboard-shortcut first-keystroke="ctrl alt v" />
    <keyboard-shortcut first-keystroke="shift alt v" />
  </action>
  <action id="JumpToLastChange" />
  <action id="Kotlin.RunScratch" />
  <action id="KotlinShellExecute" />
  <action id="MethodHierarchy" />
  <action id="Move" />
  <action id="OpenModuleSettings">
    <keyboard-shortcut first-keystroke="f12" />
  </action>
  <action id="ParameterInfo">
    <keyboard-shortcut first-keystroke="ctrl p" />
  </action>
  <action id="Print" />
  <action id="QuickJavaDoc">
    <mouse-shortcut keystroke="alt button2" />
    <keyboard-shortcut first-keystroke="shift ctrl space" />
    <keyboard-shortcut first-keystroke="ctrl q" />
  </action>
  <action id="RecentLocations" />
  <action id="ReformatCode">
    <keyboard-shortcut first-keystroke="ctrl alt l" />
  </action>
  <action id="RenameElement">
    <keyboard-shortcut first-keystroke="shift alt r" />
    <keyboard-shortcut first-keystroke="f2" />
  </action>
  <action id="RenameFile">
    <keyboard-shortcut first-keystroke="f2" />
  </action>
  <action id="ReopenClosedTab">
    <keyboard-shortcut first-keystroke="shift ctrl t" />
  </action>
  <action id="Replace">
    <keyboard-shortcut first-keystroke="ctrl r" />
  </action>
  <action id="ReplaceInPath">
    <keyboard-shortcut first-keystroke="shift ctrl r" />
  </action>
  <action id="ResourceExplorer.show" />
  <action id="Run">
    <keyboard-shortcut first-keystroke="shift f10" />
    <keyboard-shortcut first-keystroke="alt r" />
    <keyboard-shortcut first-keystroke="f5" />
  </action>
  <action id="RunToCursor" />
  <action id="SaveAll" />
  <action id="ScrollTreeToCenter" />
  <action id="SetShortcutAction">
    <keyboard-shortcut first-keystroke="alt enter" />
    <keyboard-shortcut first-keystroke="shift alt j" />
  </action>
  <action id="ShelveChanges.UnshelveWithDialog" />
  <action id="ShelvedChanges.Rename">
    <keyboard-shortcut first-keystroke="shift alt r" />
    <keyboard-shortcut first-keystroke="f2" />
  </action>
  <action id="ShowIntentionActions">
    <keyboard-shortcut first-keystroke="alt enter" />
    <keyboard-shortcut first-keystroke="shift alt j" />
  </action>
  <action id="ShowUsages">
    <keyboard-shortcut first-keystroke="ctrl alt f7" />
    <keyboard-shortcut first-keystroke="ctrl g" />
  </action>
  <action id="SmartStepInto" />
  <action id="SplitHorizontally">
    <keyboard-shortcut first-keystroke="shift ctrl m" />
  </action>
  <action id="SplitVertically">
    <keyboard-shortcut first-keystroke="ctrl m" />
  </action>
  <action id="StepInto" />
  <action id="StepOut">
    <keyboard-shortcut first-keystroke="shift f8" />
  </action>
  <action id="SurroundWith">
    <keyboard-shortcut first-keystroke="ctrl alt t" />
  </action>
  <action id="TodoViewGroupByShowModules" />
  <action id="TodoViewGroupByShowPackages" />
  <action id="ToggleFullScreen">
    <keyboard-shortcut first-keystroke="f11" />
  </action>
  <action id="Unwrap" />
  <action id="UpdateRunningApplication" />
  <action id="Vcs.EditSource">
    <keyboard-shortcut first-keystroke="f12" />
  </action>
  <action id="Vcs.Log.FocusTextFilter" />
  <action id="Vcs.ReformatCommitMessage">
    <keyboard-shortcut first-keystroke="ctrl alt l" />
  </action>
  <action id="Vcs.ShowHistoryForBlock">
    <keyboard-shortcut first-keystroke="shift ctrl h" />
  </action>
  <action id="Vcs.ShowMessageHistory">
    <keyboard-shortcut first-keystroke="ctrl e" />
  </action>
  <action id="Vcs.ShowTabbedFileHistory">
    <keyboard-shortcut first-keystroke="ctrl h" />
  </action>
  <action id="ViewSource" />
  <action id="XDebugger.EditWatch" />
  <action id="XDebugger.JumpToSource">
    <keyboard-shortcut first-keystroke="f12" />
  </action>
  <action id="XDebugger.MuteBreakpoints">
    <keyboard-shortcut first-keystroke="f7" />
  </action>
  <action id="XDebugger.SetValue" />
  <action id="android.deploy.ApplyChanges">
    <keyboard-shortcut first-keystroke="ctrl f10" />
  </action>
  <action id="android.deploy.CodeSwap">
    <keyboard-shortcut first-keystroke="ctrl alt f10" />
  </action>
  <action id="android.fd.HotswapAction">
    <keyboard-shortcut first-keystroke="shift alt x" />
  </action>
  <action id="flutter.pub.get">
    <keyboard-shortcut first-keystroke="ctrl l" />
  </action>
  <action id="tasks.close" />
</keymap>